symbol,date,open,high,low,close,day_change,day_change_pct,volume
APOLLO.NS,2025-04-01,123.00,124.80,119.33,119.72,-3.28,-2.67,5917710
APOLLO.NS,2025-04-02,120.49,125.48,118.30,124.72,4.23,3.51,7137511
APOLLO.NS,2025-04-03,122.25,125.25,121.62,123.16,0.91,0.74,4152844
APOLLO.NS,2025-04-04,122.75,123.49,115.10,116.74,-6.01,-4.90,4599614
APOLLO.NS,2025-04-07,108.99,110.99,105.30,108.15,-0.84,-0.77,7149355
APOLLO.NS,2025-04-08,113.02,114.75,111.31,113.37,0.35,0.31,4535689
APOLLO.NS,2025-04-09,112.00,113.50,110.49,111.56,-0.44,-0.39,2388897
APOLLO.NS,2025-04-11,115.00,115.53,112.30,112.67,-2.33,-2.03,3038273
APOLLO.NS,2025-04-15,115.00,119.22,114.50,117.86,2.86,2.49,4984414
APOLLO.NS,2025-04-16,119.90,122.00,118.22,118.71,-1.19,-0.99,6647217
APOLLO.NS,2025-04-17,118.71,120.30,117.10,119.74,1.03,0.87,7313464
APOLLO.NS,2025-04-21,120.00,121.99,118.70,120.42,0.42,0.35,5271380
APOLLO.NS,2025-04-22,121.00,122.64,117.79,118.51,-2.49,-2.06,4966788
APOLLO.NS,2025-04-23,119.40,120.30,116.34,117.88,-1.52,-1.27,3745058
APOLLO.NS,2025-04-24,117.73,119.19,115.57,116.40,-1.33,-1.13,2807219
APOLLO.NS,2025-04-25,116.64,116.84,110.80,111.74,-4.90,-4.20,4803740
APOLLO.NS,2025-04-28,111.99,116.00,110.37,114.67,2.68,2.39,5133819
APOLLO.NS,2025-04-29,115.20,122.37,114.21,120.71,5.51,4.78,14826244
APOLLO.NS,2025-04-30,121.30,121.84,114.80,117.77,-3.53,-2.91,8311369
ASIANPAINT.NS,2025-04-01,2320.59,2340.11,2284.67,2294.83,-25.76,-1.11,970583
ASIANPAINT.NS,2025-04-02,2306.72,2307.11,2271.20,2285.56,-21.15,-0.92,792693
ASIANPAINT.NS,2025-04-03,2274.02,2333.37,2268.87,2327.92,53.90,2.37,608846
ASIANPAINT.NS,2025-04-04,2327.92,2342.34,2281.75,2334.51,6.59,0.28,1163188
ASIANPAINT.NS,2025-04-07,2169.98,2332.48,2169.98,2319.95,149.97,6.91,1745817
ASIANPAINT.NS,2025-04-08,2334.46,2397.88,2334.46,2372.31,37.85,1.62,1876867
ASIANPAINT.NS,2025-04-09,2378.06,2407.24,2369.04,2389.11,11.05,0.46,1186937
ASIANPAINT.NS,2025-04-11,2417.20,2425.62,2358.49,2371.72,-45.48,-1.88,968152
ASIANPAINT.NS,2025-04-15,2392.82,2402.83,2363.20,2393.62,0.79,0.03,1141122
ASIANPAINT.NS,2025-04-16,2383.11,2445.93,2381.73,2437.41,54.30,2.28,1166695
ASIANPAINT.NS,2025-04-17,2437.41,2453.76,2408.78,2445.34,7.93,0.33,885840
ASIANPAINT.NS,2025-04-21,2443.36,2448.31,2418.68,2422.65,-20.71,-0.85,541913
ASIANPAINT.NS,2025-04-22,2422.65,2427.60,2391.44,2409.77,-12.88,-0.53,543647
ASIANPAINT.NS,2025-04-23,2414.72,2434.14,2403.43,2430.67,15.95,0.66,744684
ASIANPAINT.NS,2025-04-24,2427.60,2468.23,2413.63,2441.87,14.27,0.59,1203452
ASIANPAINT.NS,2025-04-25,2441.77,2446.13,2391.63,2409.37,-32.40,-1.33,702217
ASIANPAINT.NS,2025-04-28,2397.78,2437.31,2383.01,2429.78,32.00,1.33,554920
ASIANPAINT.NS,2025-04-29,2437.51,2449.40,2419.28,2428.69,-8.82,-0.36,1235066
ASIANPAINT.NS,2025-04-30,2427.60,2439.69,2379.55,2403.52,-24.08,-0.99,1479669
BCLIND.NS,2025-04-01,35.74,37.61,35.74,37.41,1.67,4.67,827587
BCLIND.NS,2025-04-02,37.70,38.10,36.42,37.95,0.25,0.66,571950
BCLIND.NS,2025-04-03,37.75,39.40,37.46,39.22,1.47,3.89,879310
BCLIND.NS,2025-04-04,39.22,39.22,37.20,37.69,-1.53,-3.90,672957
BCLIND.NS,2025-04-07,34.99,36.30,34.80,35.94,0.95,2.72,1000053
BCLIND.NS,2025-04-08,36.80,37.40,36.21,36.73,-0.07,-0.19,519859
BCLIND.NS,2025-04-09,36.82,37.00,35.96,36.47,-0.35,-0.95,304691
BCLIND.NS,2025-04-11,37.30,37.80,36.55,36.91,-0.39,-1.05,548081
BCLIND.NS,2025-04-15,37.50,38.90,37.50,38.45,0.95,2.53,578091
BCLIND.NS,2025-04-16,38.60,39.65,38.59,39.12,0.52,1.35,574057
BCLIND.NS,2025-04-17,39.05,40.59,38.86,39.63,0.58,1.49,852952
BCLIND.NS,2025-04-21,40.00,40.42,39.20,40.08,0.08,0.20,538037
BCLIND.NS,2025-04-22,40.17,41.00,39.62,40.57,0.40,1.00,791931
BCLIND.NS,2025-04-23,40.79,41.13,39.52,40.31,-0.48,-1.18,577465
BCLIND.NS,2025-04-24,40.31,41.25,40.30,40.78,0.47,1.17,591572
BCLIND.NS,2025-04-25,40.99,41.00,38.48,38.74,-2.25,-5.49,744141
BCLIND.NS,2025-04-28,38.58,39.27,38.00,38.65,0.07,0.18,550944
BCLIND.NS,2025-04-29,38.75,39.44,38.18,38.28,-0.47,-1.21,439072
BCLIND.NS,2025-04-30,38.07,38.28,37.28,37.46,-0.61,-1.60,439750
BERGEPAINT.NS,2025-04-01,500.00,505.10,489.75,493.50,-6.50,-1.30,814105
BERGEPAINT.NS,2025-04-02,494.00,508.10,486.55,505.10,11.10,2.25,520039
BERGEPAINT.NS,2025-04-03,500.95,513.60,497.70,511.30,10.35,2.07,339443
BERGEPAINT.NS,2025-04-04,515.00,521.50,506.30,512.05,-2.95,-0.57,1588941
BERGEPAINT.NS,2025-04-07,499.95,515.25,494.50,511.95,12.00,2.40,1263089
BERGEPAINT.NS,2025-04-08,520.00,538.00,516.85,535.55,15.55,2.99,2226260
BERGEPAINT.NS,2025-04-09,539.00,551.00,535.35,537.60,-1.40,-0.26,1450416
BERGEPAINT.NS,2025-04-11,541.55,542.05,525.55,530.50,-11.05,-2.04,658774
BERGEPAINT.NS,2025-04-15,533.50,534.45,520.50,526.40,-7.10,-1.33,851597
BERGEPAINT.NS,2025-04-16,528.40,546.85,526.70,542.05,13.65,2.58,1045359
BERGEPAINT.NS,2025-04-17,542.65,548.60,537.05,543.60,0.95,0.18,1294585
BERGEPAINT.NS,2025-04-21,547.00,562.00,544.00,553.35,6.35,1.16,944764
BERGEPAINT.NS,2025-04-22,554.90,582.85,548.90,579.20,24.30,4.38,2109067
BERGEPAINT.NS,2025-04-23,577.10,594.00,573.75,589.10,12.00,2.08,1134427
BERGEPAINT.NS,2025-04-24,589.00,595.85,580.65,584.95,-4.05,-0.69,959270
BERGEPAINT.NS,2025-04-25,579.75,579.95,550.00,552.50,-27.25,-4.70,721209
BERGEPAINT.NS,2025-04-28,547.15,555.35,544.00,553.55,6.40,1.17,414276
BERGEPAINT.NS,2025-04-29,555.00,559.25,542.10,545.95,-9.05,-1.63,424101
BERGEPAINT.NS,2025-04-30,545.95,552.90,539.05,544.20,-1.75,-0.32,526403
BHARTIARTL.NS,2025-04-01,1700.78,1750.37,1694.29,1709.86,9.07,0.53,6773056
BHARTIARTL.NS,2025-04-02,1705.74,1745.81,1702.72,1740.05,34.31,2.01,6431226
BHARTIARTL.NS,2025-04-03,1733.51,1740.40,1721.06,1731.52,-1.98,-0.11,2341989
BHARTIARTL.NS,2025-04-04,1739.95,1756.12,1725.57,1729.00,-10.96,-0.63,7817334
BHARTIARTL.NS,2025-04-07,1715.66,1760.04,1655.56,1672.67,-42.99,-2.51,14870388
BHARTIARTL.NS,2025-04-08,1706.43,1727.86,1692.65,1706.14,-0.30,-0.02,7206935
BHARTIARTL.NS,2025-04-09,1705.39,1712.53,1697.41,1701.33,-4.07,-0.24,5600666
BHARTIARTL.NS,2025-04-11,1745.41,1752.35,1717.99,1742.04,-3.37,-0.19,8340002
BHARTIARTL.NS,2025-04-15,1793.21,1804.91,1766.33,1783.89,-9.32,-0.52,10313411
BHARTIARTL.NS,2025-04-16,1787.46,1811.36,1779.23,1807.49,20.03,1.12,6180958
BHARTIARTL.NS,2025-04-17,1818.80,1881.97,1810.56,1873.44,54.64,3.00,10894325
BHARTIARTL.NS,2025-04-21,1882.66,1888.51,1853.11,1867.79,-14.88,-0.79,3501123
BHARTIARTL.NS,2025-04-22,1872.35,1872.35,1821.57,1836.84,-35.50,-1.90,6155127
BHARTIARTL.NS,2025-04-23,1851.52,1870.26,1820.88,1866.00,14.48,0.78,6855027
BHARTIARTL.NS,2025-04-24,1858.96,1862.23,1824.25,1830.30,-28.66,-1.54,5180688
BHARTIARTL.NS,2025-04-25,1831.39,1846.27,1791.03,1802.13,-29.26,-1.60,4570083
BHARTIARTL.NS,2025-04-28,1820.78,1823.65,1798.37,1806.70,-14.08,-0.77,3301891
BHARTIARTL.NS,2025-04-29,1808.58,1832.48,1802.53,1808.68,0.10,0.01,4684155
BHARTIARTL.NS,2025-04-30,1821.77,1861.34,1811.85,1849.04,27.27,1.50,9139821
CANBK.NS,2025-04-01,85.47,87.54,85.05,86.89,1.42,1.66,14596862
CANBK.NS,2025-04-02,87.37,88.17,85.44,87.95,0.58,0.66,18479410
CANBK.NS,2025-04-03,86.89,91.90,86.65,91.12,4.23,4.87,38514763
CANBK.NS,2025-04-04,91.14,91.52,86.60,87.26,-3.88,-4.26,33552098
CANBK.NS,2025-04-07,80.80,84.88,80.80,84.09,3.28,4.06,29326338
CANBK.NS,2025-04-08,85.92,86.73,84.57,86.34,0.42,0.48,21516232
CANBK.NS,2025-04-09,86.56,87.08,84.14,85.36,-1.20,-1.38,21829542
CANBK.NS,2025-04-11,86.84,88.24,85.79,87.41,0.57,0.66,22091340
CANBK.NS,2025-04-15,89.62,89.73,88.12,89.48,-0.14,-0.15,31990152
CANBK.NS,2025-04-16,89.75,91.66,89.30,91.42,1.67,1.86,27215945
CANBK.NS,2025-04-17,91.69,93.26,91.33,92.70,1.00,1.09,31763625
CANBK.NS,2025-04-21,93.45,96.05,93.16,95.58,2.12,2.27,27799862
CANBK.NS,2025-04-22,96.65,99.08,95.87,97.18,0.53,0.55,49276193
CANBK.NS,2025-04-23,97.65,97.80,94.17,96.01,-1.64,-1.68,41477808
CANBK.NS,2025-04-24,96.06,96.83,95.58,95.95,-0.11,-0.11,27747894
CANBK.NS,2025-04-25,95.96,96.26,92.70,93.19,-2.77,-2.89,41413435
CANBK.NS,2025-04-28,92.93,95.58,92.55,95.04,2.11,2.28,28301422
CANBK.NS,2025-04-29,95.82,97.88,95.38,95.89,0.08,0.08,47026479
CANBK.NS,2025-04-30,95.58,95.58,93.60,94.08,-1.50,-1.57,23757351
COALINDIA.NS,2025-04-01,397.80,402.55,395.05,397.65,-0.15,-0.04,4332950
COALINDIA.NS,2025-04-02,401.60,401.60,391.50,397.50,-4.10,-1.02,4197123
COALINDIA.NS,2025-04-03,395.00,400.00,393.20,397.05,2.05,0.52,4970602
COALINDIA.NS,2025-04-04,396.00,396.00,382.60,385.05,-10.95,-2.77,6718760
COALINDIA.NS,2025-04-07,358.85,379.40,356.00,377.50,18.65,5.20,10202400
COALINDIA.NS,2025-04-08,385.00,385.50,376.65,382.85,-2.15,-0.56,3577328
COALINDIA.NS,2025-04-09,382.30,382.70,373.10,374.60,-7.70,-2.01,5781453
COALINDIA.NS,2025-04-11,389.95,392.80,382.15,392.10,2.15,0.55,6185984
COALINDIA.NS,2025-04-15,399.00,399.00,393.50,395.25,-3.75,-0.94,4371156
COALINDIA.NS,2025-04-16,395.25,400.10,392.50,399.25,4.00,1.01,4992290
COALINDIA.NS,2025-04-17,396.90,399.55,388.30,398.85,1.95,0.49,8364450
COALINDIA.NS,2025-04-21,399.25,406.00,395.65,400.50,1.25,0.31,8987570
COALINDIA.NS,2025-04-22,403.50,405.80,394.30,398.60,-4.90,-1.21,7558174
COALINDIA.NS,2025-04-23,400.00,401.60,394.00,398.95,-1.05,-0.26,7429142
COALINDIA.NS,2025-04-24,398.90,401.30,396.85,399.85,0.95,0.24,5762303
COALINDIA.NS,2025-04-25,400.30,404.00,389.65,393.15,-7.15,-1.79,7337588
COALINDIA.NS,2025-04-28,393.15,398.80,391.55,397.15,4.00,1.02,3458518
COALINDIA.NS,2025-04-29,397.15,400.35,388.45,389.10,-8.05,-2.03,6274213
COALINDIA.NS,2025-04-30,389.10,390.35,383.10,385.30,-3.80,-0.98,4559122
DWARKESH.NS,2025-04-01,36.75,39.47,36.47,39.14,2.39,6.50,1290704
DWARKESH.NS,2025-04-02,39.28,39.79,37.65,39.66,0.38,0.97,838833
DWARKESH.NS,2025-04-03,39.11,40.44,38.81,39.91,0.80,2.05,511217
DWARKESH.NS,2025-04-04,39.80,39.91,37.11,37.64,-2.16,-5.43,1031901
DWARKESH.NS,2025-04-07,36.10,37.00,34.42,35.97,-0.13,-0.36,1593594
DWARKESH.NS,2025-04-08,36.74,37.64,36.06,37.03,0.29,0.79,685287
DWARKESH.NS,2025-04-09,37.03,37.16,36.26,36.74,-0.29,-0.78,342237
DWARKESH.NS,2025-04-11,37.50,37.95,37.21,37.79,0.29,0.77,430985
DWARKESH.NS,2025-04-15,38.85,40.59,38.25,40.22,1.37,3.53,1010738
DWARKESH.NS,2025-04-16,40.40,41.40,40.12,40.31,-0.09,-0.22,718069
DWARKESH.NS,2025-04-17,40.27,41.45,39.92,40.35,0.08,0.20,580448
DWARKESH.NS,2025-04-21,40.70,41.75,40.07,41.47,0.77,1.89,604745
DWARKESH.NS,2025-04-22,41.47,43.85,40.85,43.49,2.02,4.87,1197825
DWARKESH.NS,2025-04-23,43.65,43.91,41.78,42.78,-0.87,-1.99,634022
DWARKESH.NS,2025-04-24,42.45,43.95,42.15,42.90,0.45,1.06,662946
DWARKESH.NS,2025-04-25,42.85,43.13,39.97,40.52,-2.33,-5.44,1008804
DWARKESH.NS,2025-04-28,40.10,41.20,40.10,40.91,0.81,2.02,407610
DWARKESH.NS,2025-04-29,41.46,42.44,41.09,41.81,0.35,0.84,555765
DWARKESH.NS,2025-04-30,41.46,41.81,39.81,40.08,-1.38,-3.33,461752
FEDERALBNK.NS,2025-04-01,191.72,196.00,191.00,192.43,0.71,0.37,6099041
FEDERALBNK.NS,2025-04-02,193.05,193.34,190.70,192.11,-0.94,-0.49,2745983
FEDERALBNK.NS,2025-04-03,190.42,195.30,188.83,194.14,3.72,1.95,7697462
FEDERALBNK.NS,2025-04-04,195.70,196.95,192.51,195.00,-0.70,-0.36,10170845
FEDERALBNK.NS,2025-04-07,188.30,193.32,186.51,190.81,2.51,1.33,12697165
FEDERALBNK.NS,2025-04-08,193.94,194.64,189.70,190.53,-3.41,-1.76,8769895
FEDERALBNK.NS,2025-04-09,190.50,191.95,186.92,189.96,-0.54,-0.28,6819642
FEDERALBNK.NS,2025-04-11,192.31,192.95,189.62,190.44,-1.87,-0.97,8325890
FEDERALBNK.NS,2025-04-15,193.00,193.00,189.00,191.90,-1.10,-0.57,7869328
FEDERALBNK.NS,2025-04-16,192.69,196.10,191.90,194.92,2.23,1.16,8520549
FEDERALBNK.NS,2025-04-17,194.01,196.20,193.25,194.85,0.84,0.43,9504482
FEDERALBNK.NS,2025-04-21,196.00,202.85,195.10,202.04,6.04,3.08,16250402
FEDERALBNK.NS,2025-04-22,202.70,205.50,200.65,201.64,-1.06,-0.52,15722852
FEDERALBNK.NS,2025-04-23,202.99,202.99,197.92,199.77,-3.22,-1.59,8092835
FEDERALBNK.NS,2025-04-24,199.75,204.38,199.29,201.90,2.15,1.08,16720717
FEDERALBNK.NS,2025-04-25,201.80,202.87,195.00,196.49,-5.31,-2.63,7977095
FEDERALBNK.NS,2025-04-28,197.74,201.00,196.51,199.83,2.09,1.06,7788146
FEDERALBNK.NS,2025-04-29,200.75,205.40,198.85,203.42,2.67,1.33,11997673
FEDERALBNK.NS,2025-04-30,203.60,203.75,196.00,196.68,-6.92,-3.40,11619893
GAIL.NS,2025-04-01,181.59,186.95,179.67,186.32,4.73,2.60,16373953
GAIL.NS,2025-04-02,184.05,186.90,183.10,184.06,0.01,0.01,13488498
GAIL.NS,2025-04-03,182.06,185.50,180.57,183.63,1.57,0.86,10999215
GAIL.NS,2025-04-04,183.20,184.90,175.00,176.61,-6.59,-3.60,12870074
GAIL.NS,2025-04-07,159.80,171.70,159.61,169.03,9.23,5.78,14675014
GAIL.NS,2025-04-08,174.42,177.43,169.69,172.57,-1.85,-1.06,11262619
GAIL.NS,2025-04-09,172.80,173.57,167.42,168.86,-3.94,-2.28,8093175
GAIL.NS,2025-04-11,173.02,173.37,169.31,171.71,-1.31,-0.76,11757223
GAIL.NS,2025-04-15,176.69,180.76,174.88,178.99,2.30,1.30,15842566
GAIL.NS,2025-04-16,178.00,185.00,176.31,184.70,6.70,3.76,20404245
GAIL.NS,2025-04-17,184.70,188.70,183.81,186.99,2.29,1.24,19477011
GAIL.NS,2025-04-21,190.50,197.00,188.59,195.32,4.82,2.53,31364829
GAIL.NS,2025-04-22,196.11,196.70,192.79,193.24,-2.87,-1.46,15312211
GAIL.NS,2025-04-23,194.29,194.80,189.90,193.50,-0.79,-0.41,8545702
GAIL.NS,2025-04-24,192.21,194.28,191.90,193.24,1.03,0.54,12332917
GAIL.NS,2025-04-25,193.00,194.67,184.88,186.74,-6.26,-3.24,9791154
GAIL.NS,2025-04-28,185.99,191.10,185.84,189.32,3.33,1.79,8332481
GAIL.NS,2025-04-29,189.37,193.19,188.90,189.60,0.23,0.12,6147630
GAIL.NS,2025-04-30,189.15,192.30,187.41,189.09,-0.06,-0.03,11049144
GOLDBEES.NS,2025-04-01,75.84,77.05,75.12,76.72,0.88,1.16,40720281
GOLDBEES.NS,2025-04-02,77.48,77.48,75.73,76.23,-1.25,-1.61,36083347
GOLDBEES.NS,2025-04-03,78.50,80.00,75.71,75.85,-2.65,-3.38,28338299
GOLDBEES.NS,2025-04-04,75.86,76.88,74.56,74.99,-0.87,-1.15,22612463
GOLDBEES.NS,2025-04-07,74.60,75.15,65.85,73.83,-0.77,-1.03,62547917
GOLDBEES.NS,2025-04-08,76.05,76.05,72.30,73.68,-2.37,-3.12,15916066
GOLDBEES.NS,2025-04-09,73.99,75.06,73.53,74.89,0.90,1.22,16060289
GOLDBEES.NS,2025-04-11,76.06,78.71,76.06,77.90,1.84,2.42,41882099
GOLDBEES.NS,2025-04-15,78.50,78.50,77.60,77.66,-0.84,-1.07,22708774
GOLDBEES.NS,2025-04-16,78.40,79.30,78.40,79.23,0.83,1.06,17435366
GOLDBEES.NS,2025-04-17,80.25,80.28,79.31,79.53,-0.72,-0.90,22315842
GOLDBEES.NS,2025-04-21,80.85,81.18,79.40,81.07,0.22,0.27,26060674
GOLDBEES.NS,2025-04-22,82.52,83.56,82.52,82.90,0.38,0.46,30534897
GOLDBEES.NS,2025-04-23,81.48,81.49,79.71,80.39,-1.09,-1.34,38573322
GOLDBEES.NS,2025-04-24,80.39,80.74,80.11,80.51,0.12,0.15,15878472
GOLDBEES.NS,2025-04-25,80.82,81.63,79.81,80.03,-0.79,-0.98,19337075
GOLDBEES.NS,2025-04-28,80.80,80.80,79.01,79.05,-1.75,-2.17,22373797
GOLDBEES.NS,2025-04-29,81.20,81.20,79.71,80.04,-1.16,-1.43,21952704
GOLDBEES.NS,2025-04-30,79.99,80.20,78.88,79.09,-0.90,-1.13,21587869
GOLDCASE.NS,2025-04-01,14.55,14.60,14.24,14.47,-0.08,-0.55,8162007
GOLDCASE.NS,2025-04-02,14.54,14.54,14.28,14.47,-0.07,-0.48,3147227
GOLDCASE.NS,2025-04-03,14.78,14.90,13.90,14.44,-0.34,-2.30,3628548
GOLDCASE.NS,2025-04-04,14.44,14.54,14.20,14.25,-0.19,-1.32,4120176
GOLDCASE.NS,2025-04-07,14.24,14.24,12.83,14.04,-0.20,-1.40,5940283
GOLDCASE.NS,2025-04-08,14.18,14.18,13.83,13.97,-0.21,-1.48,1744744
GOLDCASE.NS,2025-04-09,14.22,14.28,13.66,14.24,0.02,0.14,2919375
GOLDCASE.NS,2025-04-11,14.66,15.00,14.55,14.82,0.16,1.09,5711509
GOLDCASE.NS,2025-04-15,15.22,15.22,14.71,14.72,-0.50,-3.29,5834636
GOLDCASE.NS,2025-04-16,14.88,15.05,14.87,15.00,0.12,0.81,1819518
GOLDCASE.NS,2025-04-17,15.29,15.29,15.00,15.09,-0.20,-1.31,2035392
GOLDCASE.NS,2025-04-21,15.13,15.55,15.13,15.36,0.23,1.52,3093385
GOLDCASE.NS,2025-04-22,15.59,15.79,15.52,15.66,0.07,0.45,4036104
GOLDCASE.NS,2025-04-23,15.44,15.50,15.17,15.31,-0.13,-0.84,3582609
GOLDCASE.NS,2025-04-24,15.70,15.71,15.08,15.27,-0.43,-2.74,2982622
GOLDCASE.NS,2025-04-25,15.35,15.35,15.05,15.20,-0.15,-0.98,2338943
GOLDCASE.NS,2025-04-28,15.65,15.65,14.74,15.03,-0.62,-3.96,2384798
GOLDCASE.NS,2025-04-29,15.30,15.48,15.12,15.20,-0.10,-0.65,2391051
GOLDCASE.NS,2025-04-30,15.37,15.37,15.01,15.03,-0.34,-2.21,2992053
HDFCBANK.NS,2025-04-01,1782.39,1790.21,1746.14,1748.61,-33.78,-1.90,14255503
HDFCBANK.NS,2025-04-02,1751.43,1779.62,1751.43,1777.35,25.91,1.48,5786782
HDFCBANK.NS,2025-04-03,1761.72,1784.37,1757.66,1775.32,13.60,0.77,5625019
HDFCBANK.NS,2025-04-04,1793.27,1821.91,1791.39,1797.53,4.25,0.24,16770227
HDFCBANK.NS,2025-04-07,1743.62,1760.48,1719.29,1738.57,-5.04,-0.29,18997725
HDFCBANK.NS,2025-04-08,1745.79,1762.61,1731.25,1749.90,4.10,0.24,17781936
HDFCBANK.NS,2025-04-09,1745.79,1755.69,1734.42,1745.79,0.00,0.00,11227304
HDFCBANK.NS,2025-04-11,1755.44,1799.60,1755.44,1787.09,31.65,1.80,16387883
HDFCBANK.NS,2025-04-15,1844.71,1856.38,1834.82,1844.61,-0.10,-0.01,24649172
HDFCBANK.NS,2025-04-16,1863.30,1863.30,1840.26,1857.56,-5.74,-0.31,9568410
HDFCBANK.NS,2025-04-17,1861.52,1898.81,1856.28,1885.95,24.43,1.31,17851542
HDFCBANK.NS,2025-04-21,1903.06,1929.47,1889.22,1906.13,3.07,0.16,17123649
HDFCBANK.NS,2025-04-22,1913.94,1949.16,1913.94,1940.35,26.41,1.38,22980875
HDFCBANK.NS,2025-04-23,1957.37,1957.37,1899.60,1902.97,-54.40,-2.78,15285321
HDFCBANK.NS,2025-04-24,1889.22,1902.97,1884.37,1895.94,6.73,0.36,12965877
HDFCBANK.NS,2025-04-25,1903.86,1911.97,1871.21,1890.40,-13.45,-0.71,9250439
HDFCBANK.NS,2025-04-28,1890.40,1908.70,1887.63,1899.31,8.90,0.47,6960246
HDFCBANK.NS,2025-04-29,1897.92,1907.81,1879.52,1888.03,-9.89,-0.52,9459154
HDFCBANK.NS,2025-04-30,1892.18,1915.82,1889.51,1904.05,11.87,0.63,15968435
HINDZINC.NS,2025-04-01,453.53,457.90,443.19,444.90,-8.63,-1.90,1437487
HINDZINC.NS,2025-04-02,444.27,454.66,437.89,451.82,7.55,1.70,1214886
HINDZINC.NS,2025-04-03,448.92,459.32,443.78,450.20,1.27,0.28,1882318
HINDZINC.NS,2025-04-04,448.83,448.83,415.73,418.63,-30.20,-6.73,3061033
HINDZINC.NS,2025-04-07,382.59,402.60,380.98,398.82,16.23,4.24,2436376
HINDZINC.NS,2025-04-08,410.78,411.71,395.49,404.02,-6.77,-1.65,1514564
HINDZINC.NS,2025-04-09,400.05,400.10,389.41,392.79,-7.26,-1.81,1432174
HINDZINC.NS,2025-04-11,406.91,407.55,399.16,403.04,-3.87,-0.95,1561497
HINDZINC.NS,2025-04-15,411.32,427.16,410.15,425.44,14.12,3.43,1872997
HINDZINC.NS,2025-04-16,424.46,430.44,418.19,429.46,5.00,1.18,1675647
HINDZINC.NS,2025-04-17,429.46,436.23,421.76,431.13,1.67,0.39,2032014
HINDZINC.NS,2025-04-21,431.42,448.92,431.42,443.63,12.21,2.83,1888265
HINDZINC.NS,2025-04-22,444.17,451.77,435.34,437.06,-7.11,-1.60,2048339
HINDZINC.NS,2025-04-23,439.46,442.26,428.97,440.30,0.83,0.19,1607303
HINDZINC.NS,2025-04-24,440.25,455.54,438.09,450.39,10.15,2.31,2639584
HINDZINC.NS,2025-04-25,453.48,458.78,430.44,436.32,-17.16,-3.78,4251762
HINDZINC.NS,2025-04-28,443.19,450.54,436.81,443.68,0.49,0.11,3587317
HINDZINC.NS,2025-04-29,443.19,446.62,435.25,436.77,-6.42,-1.45,1568483
HINDZINC.NS,2025-04-30,433.87,437.80,429.46,430.64,-3.24,-0.75,1278436
IDFCFIRSTB.NS,2025-04-01,54.87,57.47,54.78,56.98,2.11,3.85,74364099
IDFCFIRSTB.NS,2025-04-02,57.78,57.78,56.27,57.00,-0.78,-1.35,60058400
IDFCFIRSTB.NS,2025-04-03,56.81,60.70,56.66,60.15,3.34,5.88,172219370
IDFCFIRSTB.NS,2025-04-04,60.30,60.33,57.26,57.62,-2.68,-4.45,55966017
IDFCFIRSTB.NS,2025-04-07,53.08,56.75,52.29,56.31,3.23,6.08,71727745
IDFCFIRSTB.NS,2025-04-08,57.46,58.18,56.38,57.71,0.25,0.43,36894087
IDFCFIRSTB.NS,2025-04-09,57.37,59.35,57.13,59.06,1.68,2.94,34043306
IDFCFIRSTB.NS,2025-04-11,60.22,60.22,59.14,59.72,-0.50,-0.83,30463455
IDFCFIRSTB.NS,2025-04-15,60.81,62.12,59.80,61.73,0.92,1.51,50904668
IDFCFIRSTB.NS,2025-04-16,62.10,63.27,61.42,63.11,1.02,1.64,38895887
IDFCFIRSTB.NS,2025-04-17,62.79,63.84,60.46,62.79,0.00,0.00,120605006
IDFCFIRSTB.NS,2025-04-21,63.64,66.62,63.39,66.42,2.78,4.37,86917754
IDFCFIRSTB.NS,2025-04-22,66.79,67.89,65.91,66.98,0.19,0.28,54806476
IDFCFIRSTB.NS,2025-04-23,67.77,68.85,66.79,68.23,0.46,0.68,63973196
IDFCFIRSTB.NS,2025-04-24,68.18,68.68,67.28,67.43,-0.75,-1.10,63643793
IDFCFIRSTB.NS,2025-04-25,67.48,67.78,65.49,65.86,-1.61,-2.39,47589266
IDFCFIRSTB.NS,2025-04-28,63.31,66.45,62.90,66.28,2.97,4.69,64646428
IDFCFIRSTB.NS,2025-04-29,66.28,67.33,65.59,66.71,0.43,0.65,43968174
IDFCFIRSTB.NS,2025-04-30,66.08,66.12,64.46,64.68,-1.41,-2.13,44736979
INDHOTEL.NS,2025-04-01,791.72,806.63,779.66,803.39,11.67,1.47,2351502
INDHOTEL.NS,2025-04-02,807.63,831.55,803.99,827.72,20.09,2.49,5345446
INDHOTEL.NS,2025-04-03,822.58,835.44,818.09,828.61,6.03,0.73,1678841
INDHOTEL.NS,2025-04-04,828.61,832.35,793.67,797.01,-31.61,-3.81,3294067
INDHOTEL.NS,2025-04-07,741.82,770.73,732.84,749.75,7.93,1.07,5939742
INDHOTEL.NS,2025-04-08,762.76,776.72,759.57,771.33,8.57,1.12,4622541
INDHOTEL.NS,2025-04-09,775.72,775.72,752.04,765.95,-9.77,-1.26,2430488
INDHOTEL.NS,2025-04-11,791.42,797.60,776.07,786.29,-5.13,-0.65,5182207
INDHOTEL.NS,2025-04-15,820.59,835.59,800.50,833.90,13.31,1.62,6038389
INDHOTEL.NS,2025-04-16,842.52,844.22,824.03,839.58,-2.94,-0.35,4096789
INDHOTEL.NS,2025-04-17,842.52,843.17,834.75,838.73,-3.79,-0.45,1753598
INDHOTEL.NS,2025-04-21,839.53,840.53,824.48,833.60,-5.93,-0.71,3805748
INDHOTEL.NS,2025-04-22,834.85,842.47,823.38,831.46,-3.39,-0.41,3002855
INDHOTEL.NS,2025-04-23,831.55,850.85,811.91,820.49,-11.07,-1.33,6313767
INDHOTEL.NS,2025-04-24,820.59,820.64,805.73,816.70,-3.89,-0.47,3174040
INDHOTEL.NS,2025-04-25,816.60,827.42,767.74,784.04,-32.55,-3.99,6232065
INDHOTEL.NS,2025-04-28,778.81,806.43,778.81,798.10,19.29,2.48,2309177
INDHOTEL.NS,2025-04-29,807.53,816.35,786.09,787.83,-19.69,-2.44,3828285
INDHOTEL.NS,2025-04-30,778.71,790.97,777.81,785.39,6.68,0.86,4022508
IOC.NS,2025-04-01,128.00,131.50,127.25,131.24,3.24,2.53,12740476
IOC.NS,2025-04-02,130.82,131.50,128.00,131.31,0.49,0.37,8531198
IOC.NS,2025-04-03,130.10,133.20,129.88,131.06,0.96,0.74,9909642
IOC.NS,2025-04-04,132.91,134.25,128.88,130.14,-2.77,-2.08,21497796
IOC.NS,2025-04-07,122.45,129.61,122.35,128.09,5.64,4.61,24739154
IOC.NS,2025-04-08,129.48,131.72,128.20,130.98,1.50,1.16,12634136
IOC.NS,2025-04-09,132.00,132.50,128.78,131.62,-0.38,-0.29,14769184
IOC.NS,2025-04-11,132.50,132.60,131.06,131.83,-0.67,-0.51,10020795
IOC.NS,2025-04-15,133.40,133.40,132.00,132.87,-0.53,-0.40,10142685
IOC.NS,2025-04-16,132.99,134.15,132.31,133.83,0.84,0.63,9200167
IOC.NS,2025-04-17,133.50,134.80,132.90,134.30,0.80,0.60,10404917
IOC.NS,2025-04-21,135.17,139.70,134.31,138.68,3.51,2.60,20249817
IOC.NS,2025-04-22,139.15,139.43,137.20,138.31,-0.84,-0.60,12648948
IOC.NS,2025-04-23,138.95,139.18,135.77,137.65,-1.30,-0.94,12689457
IOC.NS,2025-04-24,137.65,139.33,137.31,138.39,0.74,0.54,8177419
IOC.NS,2025-04-25,138.40,139.50,132.82,134.65,-3.75,-2.71,14663542
IOC.NS,2025-04-28,133.81,137.35,133.65,136.49,2.68,2.00,10943944
IOC.NS,2025-04-29,137.30,138.25,135.53,135.78,-1.52,-1.11,15222917
IOC.NS,2025-04-30,136.50,139.90,136.45,137.86,1.36,1.00,39902398
ITC.NS,2025-04-01,402.39,406.90,398.26,399.29,-3.09,-0.77,15206240
ITC.NS,2025-04-02,399.69,402.58,398.70,401.65,1.96,0.49,8001323
ITC.NS,2025-04-03,399.69,402.78,399.34,401.99,2.31,0.58,7059566
ITC.NS,2025-04-04,400.13,405.33,397.18,402.29,2.16,0.54,18627592
ITC.NS,2025-04-07,383.09,400.72,383.09,398.70,15.61,4.08,26762866
ITC.NS,2025-04-08,404.45,408.28,399.88,405.09,0.64,0.16,18600796
ITC.NS,2025-04-09,405.53,411.47,403.81,408.77,3.24,0.80,21785572
ITC.NS,2025-04-11,412.40,414.81,409.46,413.92,1.52,0.37,8939356
ITC.NS,2025-04-15,421.44,421.44,411.42,412.79,-8.64,-2.05,11685880
ITC.NS,2025-04-16,410.44,418.34,410.44,416.77,6.33,1.54,13034594
ITC.NS,2025-04-17,417.31,420.11,413.92,419.52,2.21,0.53,22410217
ITC.NS,2025-04-21,420.31,421.34,413.87,415.20,-5.11,-1.21,27388236
ITC.NS,2025-04-22,418.24,426.93,415.89,425.76,7.51,1.80,32031936
ITC.NS,2025-04-23,428.31,429.54,421.09,423.06,-5.25,-1.23,19566317
ITC.NS,2025-04-24,424.04,428.16,421.53,422.27,-1.77,-0.42,26064089
ITC.NS,2025-04-25,422.27,424.87,415.64,420.06,-2.21,-0.52,22944377
ITC.NS,2025-04-28,418.93,422.71,417.07,421.04,2.11,0.50,6287095
ITC.NS,2025-04-29,421.14,421.83,417.31,418.29,-2.85,-0.68,11189930
ITC.NS,2025-04-30,419.67,421.53,414.37,418.10,-1.57,-0.37,10026546
JUNIORBEES.NS,2025-04-01,692.25,692.25,655.02,667.85,-24.40,-3.52,409123
JUNIORBEES.NS,2025-04-02,687.90,687.90,662.62,675.53,-12.37,-1.80,288364
JUNIORBEES.NS,2025-04-03,692.00,692.00,660.02,675.70,-16.30,-2.36,341105
JUNIORBEES.NS,2025-04-04,678.99,680.99,655.10,658.50,-20.49,-3.02,670078
JUNIORBEES.NS,2025-04-07,678.25,678.25,620.00,640.00,-38.25,-5.64,1812281
JUNIORBEES.NS,2025-04-08,659.20,659.20,640.00,651.09,-8.11,-1.23,530625
JUNIORBEES.NS,2025-04-09,666.45,666.45,640.00,649.82,-16.63,-2.50,270401
JUNIORBEES.NS,2025-04-11,669.30,672.00,655.35,658.32,-10.98,-1.64,486347
JUNIORBEES.NS,2025-04-15,678.25,678.25,663.70,677.29,-0.96,-0.14,472450
JUNIORBEES.NS,2025-04-16,697.60,697.60,673.75,681.39,-16.21,-2.32,345914
JUNIORBEES.NS,2025-04-17,683.70,687.33,677.66,685.59,1.89,0.28,439778
JUNIORBEES.NS,2025-04-21,690.00,706.15,677.39,698.16,8.16,1.18,553717
JUNIORBEES.NS,2025-04-22,708.35,708.35,688.35,699.30,-9.05,-1.28,424652
JUNIORBEES.NS,2025-04-23,699.30,711.35,694.26,704.25,4.95,0.71,401694
JUNIORBEES.NS,2025-04-24,715.00,715.00,683.12,702.92,-12.08,-1.69,321371
JUNIORBEES.NS,2025-04-25,707.80,707.80,681.86,687.60,-20.20,-2.85,653269
JUNIORBEES.NS,2025-04-28,691.95,696.13,683.10,694.20,2.25,0.33,309154
JUNIORBEES.NS,2025-04-29,704.60,704.60,690.25,693.41,-11.19,-1.59,298491
JUNIORBEES.NS,2025-04-30,714.21,714.21,685.50,688.48,-25.73,-3.60,329940
LTFOODS.NS,2025-04-01,382.75,388.60,361.15,362.40,-20.35,-5.32,1006477
LTFOODS.NS,2025-04-02,362.90,373.25,345.45,369.90,7.00,1.93,1226158
LTFOODS.NS,2025-04-03,361.00,368.10,358.85,366.65,5.65,1.57,584824
LTFOODS.NS,2025-04-04,365.00,368.20,349.80,352.75,-12.25,-3.36,641588
LTFOODS.NS,2025-04-07,293.80,341.00,288.25,336.85,43.05,14.65,688475
LTFOODS.NS,2025-04-08,342.80,352.80,340.10,341.00,-1.80,-0.53,309490
LTFOODS.NS,2025-04-09,333.00,333.00,308.00,321.35,-11.65,-3.50,3656454
LTFOODS.NS,2025-04-11,350.50,356.70,333.00,354.35,3.85,1.10,3522923
LTFOODS.NS,2025-04-15,356.70,363.40,354.25,360.50,3.80,1.07,834614
LTFOODS.NS,2025-04-16,360.50,364.35,350.20,351.35,-9.15,-2.54,490902
LTFOODS.NS,2025-04-17,350.20,361.00,350.00,357.25,7.05,2.01,723388
LTFOODS.NS,2025-04-21,360.00,362.90,347.05,357.40,-2.60,-0.72,1024151
LTFOODS.NS,2025-04-22,357.40,367.75,357.40,361.20,3.80,1.06,860246
LTFOODS.NS,2025-04-23,365.85,374.95,361.75,368.15,2.30,0.63,667323
LTFOODS.NS,2025-04-24,368.00,374.35,362.35,364.50,-3.50,-0.95,511541
LTFOODS.NS,2025-04-25,365.00,369.25,348.55,355.25,-9.75,-2.67,743832
LTFOODS.NS,2025-04-28,353.00,359.25,351.90,355.50,2.50,0.71,369583
LTFOODS.NS,2025-04-29,356.05,358.30,350.15,352.40,-3.65,-1.03,237528
LTFOODS.NS,2025-04-30,352.40,359.80,344.55,346.55,-5.85,-1.66,732011
MSUMI.NS,2025-04-01,34.46,34.60,33.56,33.83,-0.62,-1.81,4694580
MSUMI.NS,2025-04-02,34.21,34.21,33.33,33.86,-0.34,-1.01,3344550
MSUMI.NS,2025-04-03,33.40,34.56,33.40,34.38,0.98,2.94,3598558
MSUMI.NS,2025-04-04,34.36,34.48,33.30,34.09,-0.27,-0.79,4674153
MSUMI.NS,2025-04-07,31.34,33.54,31.15,33.30,1.97,6.28,8314596
MSUMI.NS,2025-04-08,33.34,34.19,33.22,34.11,0.77,2.31,5126076
MSUMI.NS,2025-04-09,34.18,34.18,33.47,33.98,-0.20,-0.58,2204160
MSUMI.NS,2025-04-11,34.66,35.27,34.15,35.07,0.41,1.19,5217547
MSUMI.NS,2025-04-15,35.73,36.05,34.44,35.16,-0.57,-1.60,8166063
MSUMI.NS,2025-04-16,35.32,35.74,34.83,35.14,-0.18,-0.51,4079734
MSUMI.NS,2025-04-17,35.14,35.55,34.76,34.98,-0.16,-0.45,3393579
MSUMI.NS,2025-04-21,34.73,35.92,34.73,35.85,1.12,3.23,3405844
MSUMI.NS,2025-04-22,36.09,36.98,35.60,36.80,0.72,1.98,5612343
MSUMI.NS,2025-04-23,37.21,37.58,36.00,37.30,0.09,0.25,5423319
MSUMI.NS,2025-04-24,37.30,37.63,36.87,37.28,-0.02,-0.05,3337806
MSUMI.NS,2025-04-25,37.32,37.39,36.23,36.84,-0.48,-1.28,13416795
MSUMI.NS,2025-04-28,36.12,37.21,36.12,37.06,0.94,2.61,4903840
MSUMI.NS,2025-04-29,37.31,37.45,36.58,36.76,-0.55,-1.47,3383308
MSUMI.NS,2025-04-30,36.19,37.18,36.15,36.96,0.77,2.12,8270767
NATIONALUM.NS,2025-04-01,175.00,178.68,173.90,175.29,0.29,0.17,7769057
NATIONALUM.NS,2025-04-02,175.11,175.87,171.01,174.21,-0.90,-0.51,9512988
NATIONALUM.NS,2025-04-03,172.88,175.69,170.54,172.66,-0.22,-0.13,9566833
NATIONALUM.NS,2025-04-04,171.20,171.48,156.50,157.70,-13.50,-7.89,27021181
NATIONALUM.NS,2025-04-07,143.00,148.15,137.75,144.69,1.69,1.18,30698630
NATIONALUM.NS,2025-04-08,150.70,150.86,143.21,146.62,-4.08,-2.71,22134409
NATIONALUM.NS,2025-04-09,143.60,145.70,140.50,143.45,-0.15,-0.10,17915551
NATIONALUM.NS,2025-04-11,149.50,150.00,142.69,143.22,-6.28,-4.20,22797171
NATIONALUM.NS,2025-04-15,144.71,152.10,144.71,151.42,6.71,4.64,19804567
NATIONALUM.NS,2025-04-16,152.00,154.14,150.00,151.22,-0.78,-0.51,16360489
NATIONALUM.NS,2025-04-17,151.19,154.40,150.54,152.89,1.70,1.12,12073311
NATIONALUM.NS,2025-04-21,155.25,162.20,153.73,161.41,6.16,3.97,23619779
NATIONALUM.NS,2025-04-22,162.10,164.40,158.28,158.79,-3.31,-2.04,22612618
NATIONALUM.NS,2025-04-23,160.30,162.75,157.45,162.07,1.77,1.10,17138481
NATIONALUM.NS,2025-04-24,161.50,163.85,161.00,162.03,0.53,0.33,9833637
NATIONALUM.NS,2025-04-25,162.75,163.60,155.51,156.50,-6.25,-3.84,13322564
NATIONALUM.NS,2025-04-28,157.00,160.58,156.13,159.87,2.87,1.83,9445296
NATIONALUM.NS,2025-04-29,160.50,161.75,157.08,157.60,-2.90,-1.81,7643805
NATIONALUM.NS,2025-04-30,157.60,159.25,155.45,156.47,-1.13,-0.72,8700135
NAZARA.NS,2025-04-01,948.00,957.05,941.00,945.45,-2.55,-0.27,72885
NAZARA.NS,2025-04-02,946.00,964.00,941.00,953.55,7.55,0.80,107719
NAZARA.NS,2025-04-03,945.00,958.00,945.00,955.35,10.35,1.10,72865
NAZARA.NS,2025-04-04,955.35,959.50,945.10,956.20,0.85,0.09,126598
NAZARA.NS,2025-04-07,924.00,957.00,915.00,949.50,25.50,2.76,280654
NAZARA.NS,2025-04-08,952.00,973.80,952.00,972.50,20.50,2.15,381250
NAZARA.NS,2025-04-09,971.00,975.95,949.35,969.55,-1.45,-0.15,126580
NAZARA.NS,2025-04-11,978.00,978.00,952.15,961.05,-16.95,-1.73,145032
NAZARA.NS,2025-04-15,965.00,971.70,956.60,962.35,-2.65,-0.27,115002
NAZARA.NS,2025-04-16,963.00,970.00,954.80,965.50,2.50,0.26,106823
NAZARA.NS,2025-04-17,970.00,973.00,957.00,969.45,-0.55,-0.06,218567
NAZARA.NS,2025-04-21,970.00,981.25,952.30,965.45,-4.55,-0.47,434523
NAZARA.NS,2025-04-22,965.50,1008.10,965.50,1004.50,39.00,4.04,1019504
NAZARA.NS,2025-04-23,1010.00,1024.00,1001.00,1006.95,-3.05,-0.30,717962
NAZARA.NS,2025-04-24,1010.00,1025.00,1008.10,1023.35,13.35,1.32,874556
NAZARA.NS,2025-04-25,1029.00,1029.00,990.00,1000.35,-28.65,-2.78,659297
NAZARA.NS,2025-04-28,999.00,1011.20,982.00,1008.10,9.10,0.91,354166
NAZARA.NS,2025-04-29,1008.10,1025.95,987.80,1009.35,1.25,0.12,884677
NAZARA.NS,2025-04-30,1017.50,1019.00,991.95,1011.50,-6.00,-0.59,496121
NCC.NS,2025-04-01,209.50,214.70,208.40,213.27,3.77,1.80,6395018
NCC.NS,2025-04-02,213.27,214.48,209.90,214.00,0.73,0.34,3565056
NCC.NS,2025-04-03,210.10,215.90,208.90,214.84,4.74,2.26,4649488
NCC.NS,2025-04-04,214.50,214.50,205.16,206.85,-7.65,-3.57,4097710
NCC.NS,2025-04-07,187.00,198.95,187.00,197.39,10.39,5.56,5010274
NCC.NS,2025-04-08,201.00,205.80,200.88,205.02,4.02,2.00,4493016
NCC.NS,2025-04-09,205.00,208.40,201.50,206.89,1.89,0.92,3654637
NCC.NS,2025-04-11,210.03,211.98,208.00,209.97,-0.06,-0.03,4046094
NCC.NS,2025-04-15,212.94,218.55,212.08,215.91,2.97,1.39,6837356
NCC.NS,2025-04-16,216.51,222.30,216.51,220.61,4.10,1.89,6643958
NCC.NS,2025-04-17,221.89,222.19,216.24,217.78,-4.11,-1.85,6813390
NCC.NS,2025-04-21,219.55,224.50,217.00,223.44,3.89,1.77,4774569
NCC.NS,2025-04-22,224.55,224.99,217.08,217.70,-6.85,-3.05,5565620
NCC.NS,2025-04-23,219.43,221.50,215.76,219.78,0.35,0.16,3939716
NCC.NS,2025-04-24,219.54,221.40,218.02,220.04,0.50,0.23,3500579
NCC.NS,2025-04-25,220.60,221.15,210.10,211.77,-8.83,-4.00,5550265
NCC.NS,2025-04-28,209.21,219.40,209.20,218.57,9.36,4.47,4002455
NCC.NS,2025-04-29,218.57,223.76,216.00,216.76,-1.81,-0.83,4910422
NCC.NS,2025-04-30,216.00,216.97,211.20,211.90,-4.10,-1.90,2881446
NIFTYBEES.NS,2025-04-01,262.38,263.67,259.38,259.60,-2.78,-1.06,12629562
NIFTYBEES.NS,2025-04-02,260.70,261.85,259.11,261.64,0.94,0.36,9509451
NIFTYBEES.NS,2025-04-03,260.90,261.10,259.03,260.46,-0.44,-0.17,6186200
NIFTYBEES.NS,2025-04-04,260.48,260.58,256.48,257.16,-3.32,-1.27,9233464
NIFTYBEES.NS,2025-04-07,264.85,264.85,231.30,249.10,-15.75,-5.95,34654934
NIFTYBEES.NS,2025-04-08,256.55,256.55,249.76,252.72,-3.83,-1.49,9860513
NIFTYBEES.NS,2025-04-09,251.72,252.68,250.62,251.03,-0.69,-0.27,7144236
NIFTYBEES.NS,2025-04-11,255.99,256.90,251.23,255.97,-0.02,-0.01,10802170
NIFTYBEES.NS,2025-04-15,260.00,262.88,258.30,260.87,0.87,0.33,6445385
NIFTYBEES.NS,2025-04-16,263.99,263.99,260.03,261.91,-2.08,-0.79,8312168
NIFTYBEES.NS,2025-04-17,262.94,266.79,260.60,266.54,3.60,1.37,9818354
NIFTYBEES.NS,2025-04-21,265.30,270.48,265.01,269.70,4.40,1.66,10057258
NIFTYBEES.NS,2025-04-22,270.11,270.95,269.00,270.05,-0.06,-0.02,6182402
NIFTYBEES.NS,2025-04-23,272.89,272.89,269.50,271.82,-1.07,-0.39,9502368
NIFTYBEES.NS,2025-04-24,271.78,272.09,270.68,270.95,-0.83,-0.31,5049194
NIFTYBEES.NS,2025-04-25,271.85,272.30,266.71,268.63,-3.22,-1.18,8630692
NIFTYBEES.NS,2025-04-28,269.89,272.30,268.00,271.90,2.01,0.74,7676436
NIFTYBEES.NS,2025-04-29,273.89,273.89,270.90,271.91,-1.98,-0.72,12194908
NIFTYBEES.NS,2025-04-30,277.09,277.09,271.03,271.99,-5.10,-1.84,6133729
NTPC.NS,2025-04-01,352.35,362.90,350.85,352.15,-0.20,-0.06,18736320
NTPC.NS,2025-04-02,352.15,353.45,347.05,351.75,-0.40,-0.11,13593404
NTPC.NS,2025-04-03,351.75,361.35,351.75,358.90,7.15,2.03,10317410
NTPC.NS,2025-04-04,358.85,358.85,348.55,350.40,-8.45,-2.35,10872963
NTPC.NS,2025-04-07,328.00,351.40,324.00,349.80,21.80,6.65,18025165
NTPC.NS,2025-04-08,356.85,358.25,350.00,352.95,-3.90,-1.09,17506712
NTPC.NS,2025-04-09,354.00,354.80,348.20,349.35,-4.65,-1.31,7462119
NTPC.NS,2025-04-11,351.00,361.50,351.00,360.10,9.10,2.59,11246077
NTPC.NS,2025-04-15,367.00,368.45,361.55,362.50,-4.50,-1.23,17497327
NTPC.NS,2025-04-16,362.50,363.00,357.90,359.30,-3.20,-0.88,11541484
NTPC.NS,2025-04-17,359.25,365.45,357.25,364.00,4.75,1.32,12288196
NTPC.NS,2025-04-21,365.80,368.20,361.80,364.55,-1.25,-0.34,7375594
NTPC.NS,2025-04-22,367.05,367.05,359.70,360.25,-6.80,-1.85,12077119
NTPC.NS,2025-04-23,362.95,364.25,357.90,363.80,0.85,0.23,9719205
NTPC.NS,2025-04-24,363.75,366.45,361.60,363.20,-0.55,-0.15,7491123
NTPC.NS,2025-04-25,363.20,365.80,351.10,356.45,-6.75,-1.86,9785640
NTPC.NS,2025-04-28,353.70,362.90,353.70,361.50,7.80,2.21,5315840
NTPC.NS,2025-04-29,364.00,364.35,354.10,356.95,-7.05,-1.94,9472828
NTPC.NS,2025-04-30,357.00,361.00,352.00,354.55,-2.45,-0.69,16739088
ONGC.NS,2025-04-01,247.00,252.20,246.70,248.07,1.07,0.43,11258957
ONGC.NS,2025-04-02,250.05,251.50,248.00,250.64,0.59,0.24,15337906
ONGC.NS,2025-04-03,248.00,249.62,242.51,243.31,-4.69,-1.89,11141370
ONGC.NS,2025-04-04,240.56,241.21,224.20,226.01,-14.55,-6.05,38336194
ONGC.NS,2025-04-07,208.00,220.80,205.00,219.84,11.84,5.69,27024128
ONGC.NS,2025-04-08,223.00,227.24,219.18,226.66,3.66,1.64,11309092
ONGC.NS,2025-04-09,222.00,224.06,220.26,221.94,-0.06,-0.03,16889575
ONGC.NS,2025-04-11,228.30,231.40,225.25,230.37,2.07,0.91,13886447
ONGC.NS,2025-04-15,234.00,234.00,230.10,232.69,-1.31,-0.56,12102239
ONGC.NS,2025-04-16,232.69,242.00,231.72,241.22,8.53,3.67,18748952
ONGC.NS,2025-04-17,241.00,244.61,239.26,243.49,2.49,1.03,12891813
ONGC.NS,2025-04-21,244.01,250.55,241.75,249.78,5.77,2.36,11698653
ONGC.NS,2025-04-22,248.97,250.60,247.26,247.78,-1.19,-0.48,9896443
ONGC.NS,2025-04-23,248.74,252.75,244.92,252.17,3.43,1.38,16555874
ONGC.NS,2025-04-24,250.00,251.37,248.00,249.37,-0.63,-0.25,6538518
ONGC.NS,2025-04-25,249.00,250.68,244.40,246.33,-2.67,-1.07,15616265
ONGC.NS,2025-04-28,246.00,251.95,244.38,250.60,4.60,1.87,7669983
ONGC.NS,2025-04-29,251.24,252.10,245.10,245.68,-5.56,-2.21,8030552
ONGC.NS,2025-04-30,245.50,247.44,242.22,244.45,-1.05,-0.43,9822483
ORIENTCEM.NS,2025-04-01,335.89,341.08,335.89,340.24,4.34,1.29,179666
ORIENTCEM.NS,2025-04-02,338.49,346.97,337.99,345.28,6.79,2.01,900702
ORIENTCEM.NS,2025-04-03,344.13,353.31,344.03,350.62,6.49,1.89,1172495
ORIENTCEM.NS,2025-04-04,349.72,350.82,346.42,349.32,-0.40,-0.11,533578
ORIENTCEM.NS,2025-04-07,342.48,352.21,341.53,350.07,7.59,2.21,919671
ORIENTCEM.NS,2025-04-08,352.26,353.16,346.27,351.81,-0.45,-0.13,554189
ORIENTCEM.NS,2025-04-09,351.81,356.31,349.32,355.41,3.59,1.02,2216246
ORIENTCEM.NS,2025-04-11,357.50,359.30,354.66,357.10,-0.40,-0.11,1342099
ORIENTCEM.NS,2025-04-15,351.41,359.10,351.41,358.45,7.04,2.00,1742189
ORIENTCEM.NS,2025-04-16,358.45,358.45,353.46,357.90,-0.55,-0.15,746956
ORIENTCEM.NS,2025-04-17,357.40,359.95,354.51,355.61,-1.80,-0.50,649752
ORIENTCEM.NS,2025-04-21,355.01,360.25,354.41,359.40,4.39,1.24,1010284
ORIENTCEM.NS,2025-04-22,359.40,361.69,352.61,354.11,-5.29,-1.47,973559
ORIENTCEM.NS,2025-04-23,357.95,358.20,348.47,352.61,-5.34,-1.49,1760375
ORIENTCEM.NS,2025-04-24,353.61,356.06,353.11,353.56,-0.05,-0.01,173450
ORIENTCEM.NS,2025-04-25,354.31,354.71,350.12,351.46,-2.84,-0.80,530305
ORIENTCEM.NS,2025-04-28,351.36,353.06,349.52,351.36,0.00,0.00,319178
ORIENTCEM.NS,2025-04-29,351.71,353.86,349.47,350.27,-1.45,-0.41,828945
ORIENTCEM.NS,2025-04-30,349.87,351.21,347.57,349.02,-0.85,-0.24,961162
POWERGRID.NS,2025-04-01,289.60,296.95,287.00,289.30,-0.30,-0.10,11603556
POWERGRID.NS,2025-04-02,286.85,289.75,284.50,286.75,-0.10,-0.03,11679536
POWERGRID.NS,2025-04-03,289.35,299.95,285.10,299.10,9.75,3.37,23478876
POWERGRID.NS,2025-04-04,300.00,300.90,292.10,293.90,-6.10,-2.03,21020875
POWERGRID.NS,2025-04-07,283.60,293.90,282.30,289.40,5.80,2.05,22847548
POWERGRID.NS,2025-04-08,291.95,294.00,284.65,288.95,-3.00,-1.03,20831596
POWERGRID.NS,2025-04-09,289.95,299.50,289.30,293.40,3.45,1.19,21342531
POWERGRID.NS,2025-04-11,293.25,305.00,293.25,304.10,10.85,3.70,19831004
POWERGRID.NS,2025-04-15,307.20,310.45,303.70,304.55,-2.65,-0.86,16563441
POWERGRID.NS,2025-04-16,304.45,307.00,302.80,305.75,1.30,0.43,7032401
POWERGRID.NS,2025-04-17,305.45,309.80,302.00,309.00,3.55,1.16,8528993
POWERGRID.NS,2025-04-21,310.00,322.00,308.45,320.00,10.00,3.23,13369014
POWERGRID.NS,2025-04-22,319.75,319.75,312.10,312.55,-7.20,-2.25,10027268
POWERGRID.NS,2025-04-23,314.15,316.10,309.45,314.95,0.80,0.25,8225575
POWERGRID.NS,2025-04-24,314.90,315.85,312.85,314.40,-0.50,-0.16,8021180
POWERGRID.NS,2025-04-25,313.00,315.40,303.40,306.50,-6.50,-2.08,11475773
POWERGRID.NS,2025-04-28,304.20,310.95,303.55,308.55,4.35,1.43,7314824
POWERGRID.NS,2025-04-29,308.55,310.80,301.20,302.95,-5.60,-1.81,14678005
POWERGRID.NS,2025-04-30,304.45,310.00,301.90,307.45,3.00,0.99,17619987
PPL.NS,2025-04-01,412.95,418.05,408.00,413.05,0.10,0.02,35574
PPL.NS,2025-04-02,410.00,418.40,404.60,412.10,2.10,0.51,52285
PPL.NS,2025-04-03,415.00,425.85,412.10,418.35,3.35,0.81,60681
PPL.NS,2025-04-04,418.85,427.85,402.90,405.20,-13.65,-3.26,95185
PPL.NS,2025-04-07,370.00,392.45,364.70,384.15,14.15,3.82,151465
PPL.NS,2025-04-08,398.00,398.00,389.00,395.45,-2.55,-0.64,36220
PPL.NS,2025-04-09,390.00,397.00,380.00,382.20,-7.80,-2.00,94909
PPL.NS,2025-04-11,402.00,403.90,391.05,401.30,-0.70,-0.17,48495
PPL.NS,2025-04-15,406.00,414.75,405.20,412.45,6.45,1.59,58244
PPL.NS,2025-04-16,412.45,421.50,412.45,419.60,7.15,1.73,36456
PPL.NS,2025-04-17,417.10,424.15,417.00,421.80,4.70,1.13,34425
PPL.NS,2025-04-21,423.00,434.00,420.20,431.65,8.65,2.04,72850
PPL.NS,2025-04-22,435.00,436.00,427.00,429.05,-5.95,-1.37,49813
PPL.NS,2025-04-23,434.65,440.45,422.20,439.60,4.95,1.14,71077
PPL.NS,2025-04-24,439.60,445.40,430.50,442.45,2.85,0.65,48276
PPL.NS,2025-04-25,441.95,442.45,418.95,423.60,-18.35,-4.15,82243
PPL.NS,2025-04-28,423.65,424.50,415.00,416.65,-7.00,-1.65,52557
PPL.NS,2025-04-29,418.75,427.45,417.00,418.85,0.10,0.02,30891
PPL.NS,2025-04-30,417.10,418.90,410.55,413.30,-3.80,-0.91,31219
PRAKASH.NS,2025-04-01,159.99,164.50,158.11,162.63,2.64,1.65,292462
PRAKASH.NS,2025-04-02,162.95,168.95,160.20,166.16,3.21,1.97,775776
PRAKASH.NS,2025-04-03,166.16,177.21,161.64,174.86,8.70,5.24,1319753
PRAKASH.NS,2025-04-04,175.30,180.00,168.85,171.26,-4.04,-2.30,1432434
PRAKASH.NS,2025-04-07,156.00,160.50,152.57,157.93,1.93,1.24,937408
PRAKASH.NS,2025-04-08,165.50,167.57,161.88,162.51,-2.99,-1.81,489331
PRAKASH.NS,2025-04-09,162.00,164.40,157.43,159.76,-2.24,-1.38,520362
PRAKASH.NS,2025-04-11,168.02,172.70,165.52,169.61,1.59,0.95,976437
PRAKASH.NS,2025-04-15,172.00,174.85,167.49,169.02,-2.98,-1.73,1109686
PRAKASH.NS,2025-04-16,169.95,171.94,166.40,168.57,-1.38,-0.81,585507
PRAKASH.NS,2025-04-17,170.85,172.32,166.50,167.49,-3.36,-1.97,655843
PRAKASH.NS,2025-04-21,167.99,171.49,166.63,168.20,0.21,0.13,562273
PRAKASH.NS,2025-04-22,170.00,183.98,169.24,180.71,10.71,6.30,2929249
PRAKASH.NS,2025-04-23,182.30,185.22,176.50,180.29,-2.01,-1.10,1259367
PRAKASH.NS,2025-04-24,180.95,190.40,178.62,185.68,4.73,2.61,2042752
PRAKASH.NS,2025-04-25,187.00,187.00,171.54,176.49,-10.51,-5.62,1216361
PRAKASH.NS,2025-04-28,176.90,181.59,174.27,180.32,3.42,1.93,669725
PRAKASH.NS,2025-04-29,180.32,183.75,176.00,178.17,-2.15,-1.19,552918
PRAKASH.NS,2025-04-30,178.45,178.45,170.05,171.57,-6.88,-3.86,929115
SAIL.NS,2025-04-01,114.35,117.45,113.42,116.88,2.53,2.21,15958627
SAIL.NS,2025-04-02,116.88,119.20,114.25,118.70,1.82,1.56,21075705
SAIL.NS,2025-04-03,117.30,119.63,116.84,118.54,1.24,1.06,14441562
SAIL.NS,2025-04-04,117.58,117.93,112.01,112.60,-4.98,-4.24,33987192
SAIL.NS,2025-04-07,101.34,106.14,101.34,104.63,3.29,3.25,28546459
SAIL.NS,2025-04-08,107.45,108.14,102.75,104.83,-2.62,-2.44,21280686
SAIL.NS,2025-04-09,104.00,105.40,101.13,104.97,0.97,0.93,20223188
SAIL.NS,2025-04-11,107.84,110.20,107.00,108.34,0.50,0.46,20467580
SAIL.NS,2025-04-15,110.21,113.72,109.66,113.25,3.04,2.76,18332836
SAIL.NS,2025-04-16,113.00,116.28,111.90,115.30,2.30,2.04,20145548
SAIL.NS,2025-04-17,114.50,115.84,113.05,113.96,-0.54,-0.47,18855830
SAIL.NS,2025-04-21,113.96,117.15,112.80,115.99,2.03,1.78,17894053
SAIL.NS,2025-04-22,118.34,118.99,115.45,115.98,-2.36,-1.99,24367181
SAIL.NS,2025-04-23,116.86,117.35,114.39,116.76,-0.10,-0.09,15425789
SAIL.NS,2025-04-24,116.51,118.54,116.20,118.03,1.52,1.30,17054911
SAIL.NS,2025-04-25,118.60,120.35,113.39,114.81,-3.79,-3.20,24605025
SAIL.NS,2025-04-28,115.00,117.79,114.43,116.77,1.77,1.54,10864579
SAIL.NS,2025-04-29,116.75,118.30,115.00,115.28,-1.47,-1.26,12258150
SAIL.NS,2025-04-30,114.99,115.75,112.86,113.71,-1.28,-1.11,10657286
TATACOMM.NS,2025-04-01,1556.76,1586.96,1542.97,1556.42,-0.34,-0.02,296042
TATACOMM.NS,2025-04-02,1560.65,1575.33,1538.73,1571.74,11.08,0.71,191301
TATACOMM.NS,2025-04-03,1558.73,1614.55,1558.68,1607.26,48.53,3.11,241455
TATACOMM.NS,2025-04-04,1607.26,1607.26,1565.97,1574.55,-32.71,-2.04,205897
TATACOMM.NS,2025-04-07,1489.76,1541.98,1473.75,1527.05,37.29,2.50,297314
TATACOMM.NS,2025-04-08,1544.30,1564.84,1523.56,1542.47,-1.82,-0.12,198820
TATACOMM.NS,2025-04-09,1541.98,1541.98,1505.72,1524.59,-17.39,-1.13,168850
TATACOMM.NS,2025-04-11,1541.93,1576.47,1520.35,1541.24,-0.69,-0.04,298412
TATACOMM.NS,2025-04-15,1562.67,1574.79,1517.35,1567.60,4.93,0.32,692147
TATACOMM.NS,2025-04-16,1564.74,1593.22,1556.17,1570.26,5.52,0.35,273529
TATACOMM.NS,2025-04-17,1575.48,1586.32,1537.35,1541.98,-33.50,-2.13,244987
TATACOMM.NS,2025-04-21,1554.79,1563.95,1514.49,1550.65,-4.14,-0.27,520767
TATACOMM.NS,2025-04-22,1561.49,1594.10,1537.65,1575.19,13.70,0.88,541851
TATACOMM.NS,2025-04-23,1625.73,1630.95,1553.90,1561.10,-64.64,-3.98,1786931
TATACOMM.NS,2025-04-24,1573.81,1599.13,1533.11,1584.45,10.64,0.68,1610300
TATACOMM.NS,2025-04-25,1586.32,1599.13,1512.52,1546.51,-39.81,-2.51,699413
TATACOMM.NS,2025-04-28,1543.75,1568.58,1537.15,1557.84,14.09,0.91,180311
TATACOMM.NS,2025-04-29,1554.79,1582.67,1544.44,1556.27,1.48,0.10,263086
TATACOMM.NS,2025-04-30,1560.70,1577.45,1545.13,1567.99,7.29,0.47,382030
TATAMOTORS.NS,2025-04-01,664.83,676.04,660.07,666.12,1.29,0.19,9594669
TATAMOTORS.NS,2025-04-02,669.20,669.59,656.46,666.17,-3.02,-0.45,8025225
TATAMOTORS.NS,2025-04-03,654.37,663.30,646.94,648.38,-6.00,-0.92,13473832
TATAMOTORS.NS,2025-04-04,644.46,644.46,604.80,608.62,-35.84,-5.56,26621179
TATAMOTORS.NS,2025-04-07,555.72,577.04,531.18,574.81,19.09,3.43,49463598
TATAMOTORS.NS,2025-04-08,586.16,601.43,579.22,583.83,-2.33,-0.40,20987855
TATAMOTORS.NS,2025-04-09,582.99,589.83,576.10,577.93,-5.06,-0.87,17483412
TATAMOTORS.NS,2025-04-11,604.80,607.58,585.96,589.98,-14.82,-2.45,21055814
TATAMOTORS.NS,2025-04-15,608.77,622.94,607.43,616.90,8.13,1.34,19722072
TATAMOTORS.NS,2025-04-16,619.67,619.67,608.37,610.80,-8.87,-1.43,12318376
TATAMOTORS.NS,2025-04-17,610.80,621.66,603.06,616.25,5.45,0.89,14342652
TATAMOTORS.NS,2025-04-21,619.28,630.33,614.91,624.68,5.40,0.87,12785568
TATAMOTORS.NS,2025-04-22,624.88,628.55,620.86,625.47,0.59,0.10,10292748
TATAMOTORS.NS,2025-04-23,630.53,655.86,627.95,654.27,23.75,3.77,23390570
TATAMOTORS.NS,2025-04-24,654.47,665.28,654.47,662.65,8.18,1.25,15172229
TATAMOTORS.NS,2025-04-25,662.65,667.26,645.95,649.66,-12.99,-1.96,13207043
TATAMOTORS.NS,2025-04-28,648.72,663.89,646.99,662.45,13.73,2.12,10243493
TATAMOTORS.NS,2025-04-29,665.73,677.08,655.96,659.93,-5.80,-0.87,13754685
TATAMOTORS.NS,2025-04-30,661.31,661.31,635.63,638.76,-22.56,-3.41,19485917
TATAPOWER.NS,2025-04-01,370.27,377.53,368.43,372.56,2.29,0.62,3414174
TATAPOWER.NS,2025-04-02,372.56,376.98,366.15,376.04,3.48,0.93,3283925
TATAPOWER.NS,2025-04-03,371.81,385.03,371.36,383.39,11.58,3.11,6580525
TATAPOWER.NS,2025-04-04,381.55,385.93,364.95,366.79,-14.76,-3.87,7609077
TATAPOWER.NS,2025-04-07,335.03,356.60,333.04,352.77,17.75,5.30,9906124
TATAPOWER.NS,2025-04-08,358.14,368.53,353.92,357.60,-0.55,-0.15,6317158
TATAPOWER.NS,2025-04-09,357.60,360.88,352.08,356.15,-1.44,-0.40,4343527
TATAPOWER.NS,2025-04-11,365.95,366.74,359.98,362.32,-3.63,-0.99,5187303
TATAPOWER.NS,2025-04-15,372.81,378.32,370.12,376.29,3.48,0.93,7238758
TATAPOWER.NS,2025-04-16,375.79,380.71,375.29,379.02,3.23,0.86,5869686
TATAPOWER.NS,2025-04-17,378.77,382.10,376.29,379.47,0.70,0.18,6156250
TATAPOWER.NS,2025-04-21,380.86,391.69,379.76,388.56,7.70,2.02,7589962
TATAPOWER.NS,2025-04-22,390.70,393.14,384.74,386.33,-4.37,-1.12,6180369
TATAPOWER.NS,2025-04-23,387.82,393.63,379.96,392.14,4.32,1.12,8443906
TATAPOWER.NS,2025-04-24,390.20,396.91,389.61,393.53,3.33,0.85,6639147
TATAPOWER.NS,2025-04-25,392.19,400.14,379.91,385.33,-6.86,-1.75,14233760
TATAPOWER.NS,2025-04-28,383.89,398.06,383.89,392.79,8.90,2.32,10237785
TATAPOWER.NS,2025-04-29,392.79,400.94,389.71,391.05,-1.74,-0.44,8781695
TATAPOWER.NS,2025-04-30,389.51,389.51,379.76,382.15,-7.36,-1.89,4942900
TATASTEEL.NS,2025-04-01,148.60,151.80,148.60,149.63,1.03,0.69,29142122
TATASTEEL.NS,2025-04-02,150.49,152.69,148.80,151.16,0.67,0.45,24977582
TATASTEEL.NS,2025-04-03,149.51,152.42,149.12,150.12,0.61,0.41,15117526
TATASTEEL.NS,2025-04-04,149.14,149.50,136.81,137.19,-11.95,-8.01,80846143
TATASTEEL.NS,2025-04-07,125.08,127.38,122.47,126.53,1.45,1.16,121806340
TATASTEEL.NS,2025-04-08,131.82,133.10,125.10,127.31,-4.50,-3.42,68999181
TATASTEEL.NS,2025-04-09,127.04,127.04,122.44,124.28,-2.76,-2.17,73399980
TATASTEEL.NS,2025-04-11,131.60,131.63,127.52,130.38,-1.22,-0.93,73706472
TATASTEEL.NS,2025-04-15,132.51,133.88,131.77,133.30,0.79,0.60,38967608
TATASTEEL.NS,2025-04-16,133.30,134.46,131.55,133.85,0.55,0.41,42684087
TATASTEEL.NS,2025-04-17,131.34,134.82,130.65,134.01,2.68,2.04,62282856
TATASTEEL.NS,2025-04-21,134.51,137.10,133.93,136.01,1.50,1.11,26503486
TATASTEEL.NS,2025-04-22,138.76,139.58,134.56,135.01,-3.75,-2.70,58429662
TATASTEEL.NS,2025-04-23,136.21,138.28,134.19,137.94,1.73,1.27,37851304
TATASTEEL.NS,2025-04-24,137.49,138.65,137.08,138.29,0.80,0.58,23061444
TATASTEEL.NS,2025-04-25,138.76,140.18,134.87,135.69,-3.08,-2.22,37764696
TATASTEEL.NS,2025-04-28,135.38,139.35,135.23,138.83,3.45,2.55,26971589
TATASTEEL.NS,2025-04-29,138.83,140.03,137.71,138.28,-0.56,-0.40,25758449
TATASTEEL.NS,2025-04-30,138.23,138.33,134.86,136.89,-1.34,-0.97,29205042
